year,typpe_of_violence,dyad_name,where_prec,latitutde,longitude,geom_wkt,priogrid_gid,best
2015,3,IS - Civilians,1,10.90801,11.27513,POINT (11.275130 10.908010),145103,0
2015,3,IS - Civilians,1,10.91061,11.29209,POINT (11.292090 10.910610),145103,0
2015,3,IS - Civilians,1,10.82379,10.77221,POINT (10.772210 10.823790),145102,0
2015,3,IS - Civilians,1,11.16888,14.09262,POINT (14.092620 11.168880),145829,16
2015,3,IS - Civilians,1,32.767041,22.636686,POINT (22.636686 32.767041),176806,7
2015,3,IS - Civilians,1,32.767041,22.636686,POINT (22.636686 32.767041),176806,3
2015,3,IS - Civilians,1,31.208924,16.588661,POINT (16.588661 31.208924),174634,1
2015,3,IS - Civilians,1,32.117664,20.129275,POINT (20.129275 32.117664),176081,1
2015,3,IS - Civilians,3,13.4741,14.70529,POINT (14.705290 13.474100),148710,1
2015,3,IS - Civilians,1,36.806112,10.171078,POINT (10.171078 36.806112),182541,21
2015,3,IS - Civilians,1,35.912491,10.580612,POINT (10.580612 35.912491),181102,38
2015,3,IS - Civilians,1,12.67863,13.60792,POINT (13.607920 12.678630),147988,27
2015,2,IS - Yan Gora,3,11.925833,13.605556,POINT (13.605556 11.925833),146548,5
2015,3,IS - Civilians,2,25.00146,89.32266,POINT (89.322660 25.001460),166139,1
2015,3,IS - Civilians,1,25.77423,89.42038,POINT (89.420380 25.774230),166859,1
2015,3,IS - Civilians,1,23.723056,90.408611,POINT (90.408611 23.723056),163981,1
2015,3,IS - Civilians,1,25.77423,89.42038,POINT (89.420380 25.774230),166859,1
2015,3,IS - Civilians,1,32.767041,22.636686,POINT (22.636686 32.767041),176806,3
2006,2,Supporters of Awami League - Supporters of BNP,1,22.944167,90.83,POINT (90.830000 22.944167),162542,1
2006,2,Supporters of Awami League - Supporters of BNP,1,21.674393,91.920916,POINT (91.920916 21.674393),161104,3
2011,2,Supporters of Awami League - Supporters of BNP,6,24.0,90.0,POINT (90.000000 24.000000),164701,0
1996,2,Supporters of Awami League - Supporters of BNP,1,23.011337,91.401296,POINT (91.401296 23.011337),163263,1
1992,1,Government of Bangladesh - JSS/SB,2,23.170573,92.199076,POINT (92.199076 23.170573),163265,5
1992,1,Government of Bangladesh - JSS/SB,4,22.916667,91.5,POINT (91.500000 22.916667),162544,3
2007,1,Government of Bangladesh - PBCP-J,1,24.031305,89.406814,POINT (89.406814 24.031305),164699,1
2008,1,Government of Bangladesh - PBCP-J,2,24.031305,89.406814,POINT (89.406814 24.031305),164699,1
2008,1,Government of Bangladesh - PBCP-J,2,23.5427,89.179413,POINT (89.179413 23.542700),163979,1
2008,1,Government of Bangladesh - PBCP-J,3,23.92471,89.02958,POINT (89.029580 23.924710),163979,1
1992,1,Government of Bangladesh - JSS/SB,2,22.643168,92.191859,POINT (92.191859 22.643168),162545,1
1997,1,Government of Bangladesh - JSS/SB,4,22.916667,91.5,POINT (91.500000 22.916667),162544,1
1992,1,Government of Bangladesh - JSS/SB,4,22.916667,91.5,POINT (91.500000 22.916667),162544,1
1992,1,Government of Bangladesh - JSS/SB,4,22.916667,91.5,POINT (91.500000 22.916667),162544,4
1996,1,Government of Bangladesh - JSS/SB,1,21.782871,92.434189,POINT (92.434189 21.782871),161105,2
2004,2,BCP - PBCP,2,23.637778,89.040278,POINT (89.040278 23.637778),163979,1
2006,1,Government of Bangladesh - PBCP-J,1,22.809785,89.564389,POINT (89.564389 22.809785),162540,2
2008,1,Government of Bangladesh - PBCP-J,1,23.494664,88.984857,POINT (88.984857 23.494664),163258,1
2006,1,Government of Bangladesh - PBCP,2,24.031305,89.406814,POINT (89.406814 24.031305),164699,1
2007,1,Government of Bangladesh - PBCP,2,24.076569,89.616925,POINT (89.616925 24.076569),164700,1
2008,1,Government of Bangladesh - PBCP,1,24.631111,88.907222,POINT (88.907222 24.631111),165418,1
2003,1,Government of Bangladesh - PBCP,2,22.833333,89.591667,POINT (89.591667 22.833333),162540,0
2013,2,Supporters of Awami League - Supporters of Jamaat-e-Islami,1,24.85,89.366667,POINT (89.366667 24.850000),165419,2
2006,1,Government of Bangladesh - PBCP-J,1,22.656566,89.791227,POINT (89.791227 22.656566),162540,1
2013,2,Supporters of Awami League - Supporters of Jamaat-e-Islami,1,24.249839,89.916553,POINT (89.916553 24.249839),164700,1
2013,2,Supporters of Awami League - Supporters of Jamaat-e-Islami,3,25.6,89.25,POINT (89.250000 25.600000),166859,2
2013,2,Supporters of Awami League - Supporters of Jamaat-e-Islami,1,24.416962,88.991636,POINT (88.991636 24.416962),164698,1
2013,2,Supporters of Awami League - Supporters of Jamaat-e-Islami,3,25.25,89.5,POINT (89.500000 25.250000),166140,1
2013,2,Supporters of Awami League - Supporters of Jamaat-e-Islami,2,24.685009,88.15638,POINT (88.156380 24.685009),165417,1
2013,2,Supporters of Awami League - Supporters of Jamaat-e-Islami,1,24.899167,91.871944,POINT (91.871944 24.899167),165424,1
2013,2,Supporters of Awami League - Supporters of Jamaat-e-Islami,1,21.9128,90.736262,POINT (90.736262 21.912800),161102,1
2013,2,Supporters of Awami League - Supporters of Jamaat-e-Islami,1,24.953014,88.195708,POINT (88.195708 24.953014),165417,1
2013,2,Supporters of Awami League - Supporters of Jamaat-e-Islami,1,22.742284,91.750834,POINT (91.750834 22.742284),162544,3
2013,2,Supporters of Awami League - Supporters of Jamaat-e-Islami,2,24.685009,88.15638,POINT (88.156380 24.685009),165417,3
2005,1,Government of Bangladesh - PBCP,3,24.46806,88.6566,POINT (88.656600 24.468060),164698,1
2006,1,Government of Bangladesh - PBCP-J,2,22.472222,89.610833,POINT (89.610833 22.472222),161820,1
2001,2,Supporters of Awami League - Supporters of BNP,1,22.688612,90.640555,POINT (90.640555 22.688612),162542,1
2006,1,Government of Bangladesh - PBCP-J,3,24.05636,89.39325,POINT (89.393250 24.056360),164699,1
2015,3,IS - Civilians,1,11.003459,13.941092,POINT (13.941092 11.003459),145828,1
2006,1,Government of Bangladesh - PBCP-J,2,23.761111,88.950278,POINT (88.950278 23.761111),163978,1
2013,3,Government of Bangladesh - Civilians,3,24.82713,89.37925,POINT (89.379250 24.827130),165419,6
2013,2,Supporters of Awami League - Supporters of Jamaat-e-Islami,2,23.928333,88.991667,POINT (88.991667 23.928333),163978,0
2013,2,Supporters of Awami League - Supporters of BNP,2,24.316667,90.933333,POINT (90.933333 24.316667),164702,3
2013,2,Supporters of Awami League - Supporters of BNP,1,23.014724,89.439362,POINT (89.439362 23.014724),163259,1
2013,2,Supporters of Awami League - Supporters of BNP,1,23.6518,89.049195,POINT (89.049195 23.651800),163979,1
2013,2,Supporters of Awami League - Supporters of BNP,2,25.083333,89.791667,POINT (89.791667 25.083333),166140,1
2013,2,Supporters of Awami League - Supporters of BNP,1,23.990987,90.585352,POINT (90.585352 23.990987),163982,1
2013,2,Supporters of Awami League - Supporters of BNP,2,23.95,90.625,POINT (90.625000 23.950000),163982,2
2013,2,Supporters of Awami League - Supporters of BNP,1,22.488976,90.062732,POINT (90.062732 22.488976),161821,1
2013,2,Supporters of Awami League - Supporters of Jamaat-e-Islami,2,25.016667,92.246667,POINT (92.246667 25.016667),166145,1
2006,1,Government of Bangladesh - PBCP-J,3,23.12612,89.57518,POINT (89.575180 23.126120),163260,1
2003,1,Government of Bangladesh - PBCP,3,22.46191,89.44804,POINT (89.448040 22.461910),161819,1
1991,2,Supporters of Awami League - Supporters of BNP,1,22.338396,91.831685,POINT (91.831685 22.338396),161824,2
1991,2,Supporters of Awami League - Supporters of BNP,6,21.45,91.9833,POINT (91.983300 21.450000),160384,1
2003,1,Government of Bangladesh - PBCP,2,22.977778,89.463889,POINT (89.463889 22.977778),162539,0
2003,1,Government of Bangladesh - PBCP,1,24.366667,88.6,POINT (88.600000 24.366667),164698,0
2004,1,Government of Bangladesh - PBCP,6,21.45,91.9833,POINT (91.983300 21.450000),160384,0
2004,1,Government of Bangladesh - PBCP,1,24.366667,88.6,POINT (88.600000 24.366667),164698,1
2004,1,Government of Bangladesh - PBCP,1,24.51,88.896389,POINT (88.896389 24.510000),165418,0
2004,1,Government of Bangladesh - PBCP,3,23.60728,88.84878,POINT (88.848780 23.607280),163978,2
2004,1,Government of Bangladesh - PBCP,2,23.997222,88.880556,POINT (88.880556 23.997222),163978,0
2004,1,Government of Bangladesh - PBCP,3,23.60728,88.84878,POINT (88.848780 23.607280),163978,1
2004,1,Government of Bangladesh - PBCP,3,24.46806,88.6566,POINT (88.656600 24.468060),164698,2
2004,1,Government of Bangladesh - PBCP-J,6,21.45,91.9833,POINT (91.983300 21.450000),160384,1
2004,1,Government of Bangladesh - PBCP-J,3,23.60728,88.84878,POINT (88.848780 23.607280),163978,1
2006,1,Government of Bangladesh - PBCP,6,21.45,91.9833,POINT (91.983300 21.450000),160384,1
2004,1,Government of Bangladesh - PBCP-J,3,23.08774,89.17639,POINT (89.176390 23.087740),163259,1
1989,2,Supporters of Awami League - Supporters of BNP,1,22.338396,91.831685,POINT (91.831685 22.338396),161824,1
1996,2,Supporters of Awami League - Supporters of BNP,2,22.535,91.919167,POINT (91.919167 22.535000),162544,1
1996,2,Supporters of Awami League - Supporters of BNP,2,22.493713,91.501501,POINT (91.501501 22.493713),161824,1
1993,2,Supporters of Awami League - Supporters of BNP,1,23.723056,90.408611,POINT (90.408611 23.723056),163981,1
1993,2,Supporters of Awami League - Supporters of BNP,1,24.006581,89.244133,POINT (89.244133 24.006581),164699,1
1994,2,Supporters of Awami League - Supporters of BNP,1,23.723056,90.408611,POINT (90.408611 23.723056),163981,0
1996,2,Supporters of Awami League - Supporters of BNP,1,22.338396,91.831685,POINT (91.831685 22.338396),161824,0
1996,2,Supporters of Awami League - Supporters of BNP,1,22.464142,91.477311,POINT (91.477311 22.464142),161823,1
1998,2,Supporters of Awami League - Supporters of BNP,1,22.338396,91.831685,POINT (91.831685 22.338396),161824,1
1999,2,Supporters of Awami League - Supporters of BNP,1,25.018889,90.0175,POINT (90.017500 25.018889),166141,1
1999,2,Supporters of Awami League - Supporters of BNP,1,23.723056,90.408611,POINT (90.408611 23.723056),163981,1
2001,2,Supporters of Awami League - Supporters of BNP,1,22.873008,91.278211,POINT (91.278211 22.873008),162543,1
2006,2,Supporters of Awami League - Supporters of BNP,1,23.613611,90.503056,POINT (90.503056 23.613611),163982,1
1996,1,Government of Bangladesh - JSS/SB,3,21.81318,92.36807,POINT (92.368070 21.813180),161105,0
1995,2,BCP - PBCP,1,22.750739,89.257412,POINT (89.257412 22.750739),162539,0
2006,1,Government of Bangladesh - PBCP,1,24.708056,88.611667,POINT (88.611667 24.708056),165418,5
2008,1,Government of Bangladesh - PBCP,1,24.516667,88.85,POINT (88.850000 24.516667),165418,0
2004,1,Government of Bangladesh - PBCP-J,1,22.472222,89.610833,POINT (89.610833 22.472222),161820,0
2004,1,Government of Bangladesh - PBCP-J,1,22.809785,89.564389,POINT (89.564389 22.809785),162540,1
2005,1,Government of Bangladesh - PBCP-J,2,23.637778,89.040278,POINT (89.040278 23.637778),163979,1
2005,1,Government of Bangladesh - PBCP-J,1,22.809785,89.564389,POINT (89.564389 22.809785),162540,1
2006,1,Government of Bangladesh - PBCP-J,1,23.568074,88.989647,POINT (88.989647 23.568074),163978,1
2007,1,Government of Bangladesh - PBCP-J,1,24.031305,89.406814,POINT (89.406814 24.031305),164699,2
2007,1,Government of Bangladesh - PBCP-J,3,23.48351,89.0863,POINT (89.086300 23.483510),163259,1
2007,1,Government of Bangladesh - PBCP-J,1,23.908138,88.956554,POINT (88.956554 23.908138),163978,1
2007,1,Government of Bangladesh - PBCP-J,1,24.031305,89.406814,POINT (89.406814 24.031305),164699,1
2002,1,Government of Bangladesh - PBCP,2,24.295216,89.698072,POINT (89.698072 24.295216),164700,4
2003,1,Government of Bangladesh - PBCP,1,22.656566,89.791227,POINT (89.791227 22.656566),162540,2
1991,3,Government of Bangladesh - Civilians,1,23.723056,90.408611,POINT (90.408611 23.723056),163981,0
1990,3,Government of Bangladesh - Civilians,1,23.723056,90.408611,POINT (90.408611 23.723056),163981,0
1993,3,Government of Bangladesh - Civilians,1,24.950833,88.964444,POINT (88.964444 24.950833),165418,4
1993,3,Government of Bangladesh - Civilians,2,24.878121,92.367789,POINT (92.367789 24.878121),165425,0
1990,3,JSS/SB - Civilians,2,23.111154,91.987782,POINT (91.987782 23.111154),163264,3
1990,3,JSS/SB - Civilians,3,22.633333,92.2,POINT (92.200000 22.633333),162545,4
1991,3,JSS/SB - Civilians,1,22.459444,92.093611,POINT (92.093611 22.459444),161825,3
1991,3,JSS/SB - Civilians,2,23.240847,92.064069,POINT (92.064069 23.240847),163265,7
1992,3,JSS/SB - Civilians,4,22.916667,91.5,POINT (91.500000 22.916667),162544,4
1992,3,JSS/SB - Civilians,2,23.121944,91.876667,POINT (91.876667 23.121944),163264,1
1995,3,JSS/SB - Civilians,2,23.381993,92.293823,POINT (92.293823 23.381993),163265,1
1997,3,JSS/SB - Civilians,3,23.16952,91.95316,POINT (91.953160 23.169520),163264,1
2003,3,JSS/SB - Civilians,4,22.916667,91.5,POINT (91.500000 22.916667),162544,0
2000,2,Supporters of Awami League - Supporters of Jamaat-e-Islami,6,21.45,91.9833,POINT (91.983300 21.450000),160384,8
2005,3,Jagrata Muslim Janata Bangladesh  - Civilians,1,24.886101,90.729134,POINT (90.729134 24.886101),165422,8
2005,3,Jagrata Muslim Janata Bangladesh  - Civilians,1,23.844167,90.251111,POINT (90.251111 23.844167),163981,1
2010,2,Supporters of Awami League - Supporters of Jamaat-e-Islami,1,24.366667,88.6,POINT (88.600000 24.366667),164698,1
2002,2,Supporters of Awami League - Supporters of Jamaat-e-Islami,1,22.338396,91.831685,POINT (91.831685 22.338396),161824,0
2009,2,Supporters of Awami League - Supporters of Jamaat-e-Islami,6,21.45,91.9833,POINT (91.983300 21.450000),160384,1
2010,2,Supporters of Awami League - Supporters of Jamaat-e-Islami,1,22.338396,91.831685,POINT (91.831685 22.338396),161824,1
1989,2,Supporters of Awami League - Supporters of BNP,1,23.5427,89.179413,POINT (89.179413 23.542700),163979,0
2004,1,Government of Bangladesh - PBCP-J,3,23.48351,89.0863,POINT (89.086300 23.483510),163259,1
2006,1,Government of Bangladesh - PBCP-J,1,22.809785,89.564389,POINT (89.564389 22.809785),162540,1
1989,3,JSS/SB - Civilians,2,22.967561,92.134094,POINT (92.134094 22.967561),162545,4
1989,3,JSS/SB - Civilians,4,22.916667,91.5,POINT (91.500000 22.916667),162544,1
1989,3,JSS/SB - Civilians,3,22.633333,92.2,POINT (92.200000 22.633333),162545,9
2013,2,Supporters of Awami League - Supporters of BNP,2,24.685009,88.15638,POINT (88.156380 24.685009),165417,1
2013,3,Government of Bangladesh - Civilians,2,22.95,90.825,POINT (90.825000 22.950000),162542,1
2013,3,Government of Bangladesh - Civilians,3,21.583889,92.015278,POINT (92.015278 21.583889),161105,1
2006,1,Government of Bangladesh - PBCP-J,1,24.006581,89.244133,POINT (89.244133 24.006581),164699,1
2005,1,Government of Bangladesh - PBCP,1,24.455391,89.699951,POINT (89.699951 24.455391),164700,1
2006,1,Government of Bangladesh - PBCP-J,2,23.700498,89.25266,POINT (89.252660 23.700498),163979,1
2006,1,Government of Bangladesh - PBCP-J,2,22.734951,89.516533,POINT (89.516533 22.734951),162540,1
2006,1,Government of Bangladesh - PBCP-J,2,23.634686,89.547405,POINT (89.547405 23.634686),163980,1
2006,1,Government of Bangladesh - PBCP-J,2,23.8098,88.7567,POINT (88.756700 23.809800),163978,1
2006,1,Government of Bangladesh - PBCP-J,1,23.928333,88.991667,POINT (88.991667 23.928333),163978,1
2006,1,Government of Bangladesh - PBCP-J,2,24.031305,89.406814,POINT (89.406814 24.031305),164699,2
2014,2,Supporters of Awami League - Supporters of BNP,1,25.917194,89.445946,POINT (89.445946 25.917194),166859,1
2015,2,Supporters of Awami League - Supporters of BNP,2,24.416962,88.991636,POINT (88.991636 24.416962),164698,2
2015,3,IS - Civilians,1,23.723056,90.408611,POINT (90.408611 23.723056),163981,1
2013,3,Government of Bangladesh - Civilians,3,25.613889,88.126111,POINT (88.126111 25.613889),166857,0
2015,3,IS - Civilians,1,33.42056,43.307779,POINT (43.307779 33.420560),177567,40
2015,3,IS - Civilians,1,13.4214,14.37951,POINT (14.379510 13.421400),148709,0
2015,3,IS - Civilians,3,13.66667,12.5,POINT (12.500000 13.666670),149426,5
2015,3,IS - Civilians,1,39.911652,32.840305,POINT (32.840305 39.911652),186906,102
2015,3,IS - Civilians,1,32.8925,13.18,POINT (13.180000 32.892500),176787,10
2015,3,IS - Civilians,4,31.208924,16.588661,POINT (16.588661 31.208924),174634,21
2015,3,IS - Civilians,4,31.208924,16.588661,POINT (16.588661 31.208924),174634,7
2015,3,IS - Civilians,5,32.116667,20.066667,POINT (20.066667 32.116667),176081,12
2015,3,IS - Civilians,5,23.858523,17.215325,POINT (17.215325 23.858523),163835,16
2015,3,IS - Civilians,1,32.767041,22.636686,POINT (22.636686 32.767041),176806,6
2003,1,Government of Bangladesh - PBCP,2,22.833333,89.591667,POINT (89.591667 22.833333),162540,1
2003,1,Government of Bangladesh - PBCP,1,24.558611,88.801944,POINT (88.801944 24.558611),165418,0
2006,1,Government of Bangladesh - PBCP,1,24.006581,89.244133,POINT (89.244133 24.006581),164699,1
2006,1,Government of Bangladesh - PBCP,2,24.502819,89.142311,POINT (89.142311 24.502819),165419,1
2013,2,Supporters of Awami League - Supporters of BNP,1,24.561845,89.927399,POINT (89.927399 24.561845),165420,1
2013,2,Supporters of Awami League - Supporters of BNP,3,22.4875,91.963333,POINT (91.963333 22.487500),161824,0
2013,3,Government of Bangladesh - Civilians,1,24.312766,89.570112,POINT (89.570112 24.312766),164700,1
1991,2,Supporters of Awami League - Supporters of BNP,1,23.723056,90.408611,POINT (90.408611 23.723056),163981,0
1991,2,Supporters of Awami League - Supporters of BNP,1,23.723056,90.408611,POINT (90.408611 23.723056),163981,7
1992,2,Supporters of Awami League - Supporters of BNP,1,23.723056,90.408611,POINT (90.408611 23.723056),163981,1
1992,2,Supporters of Awami League - Supporters of BNP,1,22.338396,91.831685,POINT (91.831685 22.338396),161824,0
1999,2,Supporters of Awami League - Supporters of BNP,1,23.169722,89.213611,POINT (89.213611 23.169722),163259,1
1993,2,Supporters of Awami League - Supporters of BNP,1,23.723056,90.408611,POINT (90.408611 23.723056),163981,1
1995,2,Supporters of Awami League - Supporters of BNP,1,23.974643,91.112281,POINT (91.112281 23.974643),163983,0
1995,2,Supporters of Awami League - Supporters of BNP,1,23.613611,90.503056,POINT (90.503056 23.613611),163982,2
1995,2,Supporters of Awami League - Supporters of BNP,1,23.723056,90.408611,POINT (90.408611 23.723056),163981,0
1999,2,Supporters of Awami League - Supporters of BNP,4,22.916667,89.25,POINT (89.250000 22.916667),162539,1
1995,2,Supporters of Awami League - Supporters of BNP,1,25.746667,89.251667,POINT (89.251667 25.746667),166859,1
1996,2,Supporters of Awami League - Supporters of BNP,1,21.453877,91.967654,POINT (91.967654 21.453877),160384,1
1996,2,Supporters of Awami League - Supporters of BNP,3,25.08533,90.07822,POINT (90.078220 25.085330),166141,0
1996,2,Supporters of Awami League - Supporters of BNP,1,22.685889,91.796087,POINT (91.796087 22.685889),162544,0
1996,2,Supporters of Awami League - Supporters of BNP,1,23.723056,90.408611,POINT (90.408611 23.723056),163981,1
1996,2,Supporters of Awami League - Supporters of BNP,2,22.493713,91.501501,POINT (91.501501 22.493713),161824,1
1996,2,Supporters of Awami League - Supporters of BNP,1,22.809785,89.564389,POINT (89.564389 22.809785),162540,0
1996,2,Supporters of Awami League - Supporters of BNP,1,23.844167,90.251111,POINT (90.251111 23.844167),163981,0
1997,2,Supporters of Awami League - Supporters of BNP,1,23.011337,91.401296,POINT (91.401296 23.011337),163263,1
1997,2,Supporters of Awami League - Supporters of BNP,1,23.011337,91.401296,POINT (91.401296 23.011337),163263,1
1998,2,Supporters of Awami League - Supporters of BNP,1,23.723056,90.408611,POINT (90.408611 23.723056),163981,3
1997,2,Supporters of Awami League - Supporters of BNP,2,24.0232,88.9925,POINT (88.992500 24.023200),164698,0
1997,2,Supporters of Awami League - Supporters of BNP,1,22.338396,91.831685,POINT (91.831685 22.338396),161824,2
1998,2,Supporters of Awami League - Supporters of BNP,1,22.837293,89.293034,POINT (89.293034 22.837293),162539,1
1997,2,Supporters of Awami League - Supporters of BNP,1,22.338396,91.831685,POINT (91.831685 22.338396),161824,4
1998,2,Supporters of Awami League - Supporters of BNP,1,23.723056,90.408611,POINT (90.408611 23.723056),163981,1
1998,2,Supporters of Awami League - Supporters of BNP,3,24.93743,91.34764,POINT (91.347640 24.937430),165423,1
2009,2,Supporters of Awami League - Supporters of BNP,1,23.433889,89.781944,POINT (89.781944 23.433889),163260,1
1998,2,Supporters of Awami League - Supporters of BNP,1,23.723056,90.408611,POINT (90.408611 23.723056),163981,0
1998,2,Supporters of Awami League - Supporters of BNP,1,23.723056,90.408611,POINT (90.408611 23.723056),163981,1
1999,2,Supporters of Awami League - Supporters of BNP,1,23.723056,90.408611,POINT (90.408611 23.723056),163981,0
1999,2,Supporters of Awami League - Supporters of BNP,1,23.723056,90.408611,POINT (90.408611 23.723056),163981,1
1999,2,Supporters of Awami League - Supporters of BNP,1,23.011337,91.401296,POINT (91.401296 23.011337),163263,1
1999,2,Supporters of Awami League - Supporters of BNP,1,22.809785,89.564389,POINT (89.564389 22.809785),162540,1
2004,1,Government of Bangladesh - PBCP,6,21.45,91.9833,POINT (91.983300 21.450000),160384,1
1993,1,Government of Bangladesh - JSS/SB,3,22.633333,92.2,POINT (92.200000 22.633333),162545,1
1993,1,Government of Bangladesh - JSS/SB,3,22.633333,92.2,POINT (92.200000 22.633333),162545,1
2003,2,BCP - PBCP,3,23.60728,88.84878,POINT (88.848780 23.607280),163978,0
1993,1,Government of Bangladesh - JSS/SB,2,22.839349,92.095438,POINT (92.095438 22.839349),162545,2
1993,1,Government of Bangladesh - JSS/SB,4,22.916667,91.5,POINT (91.500000 22.916667),162544,1
1994,1,Government of Bangladesh - JSS/SB,3,23.16952,91.95316,POINT (91.953160 23.169520),163264,1
2004,1,Government of Bangladesh - PBCP,1,23.761111,88.950278,POINT (88.950278 23.761111),163978,0
1995,1,Government of Bangladesh - JSS/SB,2,22.491247,92.338188,POINT (92.338188 22.491247),161825,2
1995,1,Government of Bangladesh - JSS/SB,1,22.863889,91.948056,POINT (91.948056 22.863889),162544,1
1995,1,Government of Bangladesh - JSS/SB,2,23.170573,92.199076,POINT (92.199076 23.170573),163265,1
1995,1,Government of Bangladesh - JSS/SB,3,23.16952,91.95316,POINT (91.953160 23.169520),163264,1
1996,1,Government of Bangladesh - JSS/SB,4,22.916667,91.5,POINT (91.500000 22.916667),162544,1
2004,1,Government of Bangladesh - PBCP,1,22.789362,90.172217,POINT (90.172217 22.789362),162541,1
1996,1,Government of Bangladesh - JSS/SB,3,22.633333,92.2,POINT (92.200000 22.633333),162545,1
1996,1,Government of Bangladesh - JSS/SB,1,21.418056,92.183333,POINT (92.183333 21.418056),160385,1
1997,1,Government of Bangladesh - JSS/SB,2,22.16,92.33,POINT (92.330000 22.160000),161825,3
1997,1,Government of Bangladesh - JSS/SB,1,22.15,92.233333,POINT (92.233333 22.150000),161825,0
2004,1,Government of Bangladesh - PBCP-J,1,23.723056,90.408611,POINT (90.408611 23.723056),163981,1
2004,1,Government of Bangladesh - PBCP-J,1,22.809785,89.564389,POINT (89.564389 22.809785),162540,1
2004,1,Government of Bangladesh - PBCP-J,1,22.809785,89.564389,POINT (89.564389 22.809785),162540,1
2004,1,Government of Bangladesh - PBCP-J,3,22.46191,89.44804,POINT (89.448040 22.461910),161819,2
2004,1,Government of Bangladesh - PBCP-J,3,22.41005,89.72309,POINT (89.723090 22.410050),161820,0
2004,1,Government of Bangladesh - PBCP-J,1,22.773611,89.602222,POINT (89.602222 22.773611),162540,1
2007,1,Government of Bangladesh - PBCP-J,2,23.773333,88.634167,POINT (88.634167 23.773333),163978,1
2007,1,Government of Bangladesh - PBCP-J,3,24.05636,89.39325,POINT (89.393250 24.056360),164699,2
2007,1,Government of Bangladesh - PBCP-J,1,24.031305,89.406814,POINT (89.406814 24.031305),164699,2
1994,1,Government of Bangladesh - PBCP,1,25.110826,89.512974,POINT (89.512974 25.110826),166140,2
2002,1,Government of Bangladesh - PBCP,1,24.811667,88.946667,POINT (88.946667 24.811667),165418,1
2003,1,Government of Bangladesh - PBCP,1,24.366667,88.6,POINT (88.600000 24.366667),164698,1
2003,1,Government of Bangladesh - PBCP,2,24.608794,88.978038,POINT (88.978038 24.608794),165418,0
2003,1,Government of Bangladesh - PBCP,1,22.809785,89.564389,POINT (89.564389 22.809785),162540,2
2003,1,Government of Bangladesh - PBCP,1,22.977778,89.463889,POINT (89.463889 22.977778),162539,0
2004,1,Government of Bangladesh - PBCP,3,22.41005,89.72309,POINT (89.723090 22.410050),161820,1
2004,1,Government of Bangladesh - PBCP,2,23.761111,88.950278,POINT (88.950278 23.761111),163978,1
2006,1,Government of Bangladesh - PBCP,1,23.471111,89.069167,POINT (89.069167 23.471111),163259,0
2006,1,Government of Bangladesh - PBCP,2,22.935833,89.670556,POINT (89.670556 22.935833),162540,1
2006,1,Government of Bangladesh - PBCP,2,24.006581,89.244133,POINT (89.244133 24.006581),164699,1
2006,1,Government of Bangladesh - PBCP,2,24.058333,89.556944,POINT (89.556944 24.058333),164700,0
2006,1,Government of Bangladesh - PBCP,2,24.031305,89.406814,POINT (89.406814 24.031305),164699,1
2006,1,Government of Bangladesh - PBCP,2,23.761111,88.950278,POINT (88.950278 23.761111),163978,1
2006,1,Government of Bangladesh - PBCP,2,24.295216,89.698072,POINT (89.698072 24.295216),164700,1
2006,1,Government of Bangladesh - PBCP,3,23.92471,89.02958,POINT (89.029580 23.924710),163979,1
2010,1,Government of Bangladesh - PBCP,1,23.886891,88.985288,POINT (88.985288 23.886891),163978,1
1990,3,Government of Bangladesh - Civilians,1,24.899167,91.871944,POINT (91.871944 24.899167),165424,0
1991,3,Government of Bangladesh - Civilians,2,22.338396,91.831685,POINT (91.831685 22.338396),161824,1
1993,3,Government of Bangladesh - Civilians,1,23.169722,89.213611,POINT (89.213611 23.169722),163259,3
1996,2,Supporters of Awami League - Supporters of Jamaat-e-Islami,1,21.453877,91.967654,POINT (91.967654 21.453877),160384,1
2003,3,JSS/SB - Civilians,4,22.916667,91.5,POINT (91.500000 22.916667),162544,0
2005,3,Jagrata Muslim Janata Bangladesh  - Civilians,1,24.85,89.366667,POINT (89.366667 24.850000),165419,1
2005,3,Jagrata Muslim Janata Bangladesh  - Civilians,1,24.416962,88.991636,POINT (88.991636 24.416962),164698,1
2005,3,Jagrata Muslim Janata Bangladesh  - Civilians,1,25.099785,89.029881,POINT (89.029881 25.099785),166139,1
2005,3,Jagrata Muslim Janata Bangladesh  - Civilians,1,24.366667,88.6,POINT (88.600000 24.366667),164698,1
2005,3,Jagrata Muslim Janata Bangladesh  - Civilians,3,22.38155,89.13675,POINT (89.136750 22.381550),161819,2
2010,3,Jagrata Muslim Janata Bangladesh  - Civilians,1,23.723056,90.408611,POINT (90.408611 23.723056),163981,1
1990,2,Supporters of Awami League - Supporters of Jamaat-e-Islami,1,24.366667,88.6,POINT (88.600000 24.366667),164698,1
1993,2,Supporters of Awami League - Supporters of Jamaat-e-Islami,1,21.747566,92.099332,POINT (92.099332 21.747566),161105,1
1992,2,Supporters of Awami League - Supporters of Jamaat-e-Islami,1,22.338396,91.831685,POINT (91.831685 22.338396),161824,0
1997,2,Supporters of Awami League - Supporters of Jamaat-e-Islami,1,22.338396,91.831685,POINT (91.831685 22.338396),161824,1
1997,2,Supporters of Awami League - Supporters of Jamaat-e-Islami,1,21.453877,91.967654,POINT (91.967654 21.453877),160384,2
1998,2,Supporters of Awami League - Supporters of Jamaat-e-Islami,1,24.899167,91.871944,POINT (91.871944 24.899167),165424,2
1999,2,Supporters of Awami League - Supporters of Jamaat-e-Islami,1,22.338396,91.831685,POINT (91.831685 22.338396),161824,1
1999,2,Supporters of Awami League - Supporters of Jamaat-e-Islami,1,22.338396,91.831685,POINT (91.831685 22.338396),161824,0
1999,2,Supporters of Awami League - Supporters of Jamaat-e-Islami,1,22.338396,91.831685,POINT (91.831685 22.338396),161824,2
2000,2,Supporters of Awami League - Supporters of Jamaat-e-Islami,1,22.338396,91.831685,POINT (91.831685 22.338396),161824,8
2001,2,Supporters of Awami League - Supporters of Jamaat-e-Islami,1,22.076388,92.049554,POINT (92.049554 22.076388),161825,2
2006,2,Supporters of Awami League - Supporters of Jamaat-e-Islami,1,23.691389,90.515,POINT (90.515000 23.691389),163982,1
2006,2,Supporters of Awami League - Supporters of Jamaat-e-Islami,1,25.813611,89.65,POINT (89.650000 25.813611),166860,1
2014,2,Supporters of Awami League - Supporters of BNP,1,25.403213,89.281153,POINT (89.281153 25.403213),166139,1
2007,1,Government of Bangladesh - PBCP,1,24.603056,88.988611,POINT (88.988611 24.603056),165418,1
2007,1,Government of Bangladesh - PBCP,1,23.48542,89.133162,POINT (89.133162 23.485420),163259,1
2015,3,IS - Civilians,1,32.767041,22.636686,POINT (22.636686 32.767041),176806,10
2007,1,Government of Bangladesh - PBCP,3,23.84059,89.9545,POINT (89.954500 23.840590),163980,3
2007,1,Government of Bangladesh - PBCP,3,24.46806,88.6566,POINT (88.656600 24.468060),164698,1
2008,1,Government of Bangladesh - PBCP,2,23.787472,89.416281,POINT (89.416281 23.787472),163979,1
2008,1,Government of Bangladesh - PBCP,2,24.558611,88.801944,POINT (88.801944 24.558611),165418,1
2015,3,IS - Civilians,1,31.208924,16.588661,POINT (16.588661 31.208924),174634,2
2015,3,IS - Civilians,1,31.208924,16.588661,POINT (16.588661 31.208924),174634,1
2015,3,IS - Civilians,5,32.116667,20.066667,POINT (20.066667 32.116667),176081,1
2015,3,IS - Civilians,1,31.208924,16.588661,POINT (16.588661 31.208924),174634,1
2015,3,IS - Civilians,1,32.767041,22.636686,POINT (22.636686 32.767041),176806,1
2015,3,IS - Civilians,1,31.208924,16.588661,POINT (16.588661 31.208924),174634,2
1999,2,Supporters of Awami League - Supporters of BNP,1,23.723056,90.408611,POINT (90.408611 23.723056),163981,1
1999,2,Supporters of Awami League - Supporters of BNP,1,23.011337,91.401296,POINT (91.401296 23.011337),163263,2
1999,2,Supporters of Awami League - Supporters of BNP,1,22.338396,91.831685,POINT (91.831685 22.338396),161824,0
2006,2,Supporters of Awami League - Supporters of BNP,1,22.750933,90.102718,POINT (90.102718 22.750933),162541,1
2009,2,Supporters of Awami League - Supporters of BNP,1,23.700498,89.25266,POINT (89.252660 23.700498),163979,1
2006,2,Supporters of Awami League - Supporters of BNP,1,22.338396,91.831685,POINT (91.831685 22.338396),161824,0
2006,2,Supporters of Awami League - Supporters of BNP,1,22.656566,89.791227,POINT (89.791227 22.656566),162540,1
2006,2,Supporters of Awami League - Supporters of BNP,2,24.0232,88.9925,POINT (88.992500 24.023200),164698,1
2006,2,Supporters of Awami League - Supporters of BNP,3,22.99732,91.41517,POINT (91.415170 22.997320),162543,1
2006,2,Supporters of Awami League - Supporters of BNP,1,23.723056,90.408611,POINT (90.408611 23.723056),163981,0
2006,2,Supporters of Awami League - Supporters of BNP,1,24.488877,91.770751,POINT (91.770751 24.488877),164704,0
2006,2,Supporters of Awami League - Supporters of BNP,2,22.28807,91.1401,POINT (91.140100 22.288070),161823,2
2006,2,Supporters of Awami League - Supporters of BNP,2,22.28807,91.1401,POINT (91.140100 22.288070),161823,1
2006,2,Supporters of Awami League - Supporters of BNP,2,24.81385,91.756316,POINT (91.756316 24.813850),165424,1
2009,2,Supporters of Awami League - Supporters of BNP,1,23.461861,91.185035,POINT (91.185035 23.461861),163263,1
2009,2,Supporters of Awami League - Supporters of BNP,1,23.042222,89.661389,POINT (89.661389 23.042222),163260,1
2009,2,Supporters of Awami League - Supporters of BNP,2,23.923056,90.717778,POINT (90.717778 23.923056),163982,1
2009,2,Supporters of Awami League - Supporters of BNP,1,23.551667,90.534722,POINT (90.534722 23.551667),163982,2
2010,2,Supporters of Awami League - Supporters of BNP,1,24.416962,88.991636,POINT (88.991636 24.416962),164698,0
2010,2,Supporters of Awami League - Supporters of BNP,3,23.52737,90.42247,POINT (90.422470 23.527370),163981,0
2010,2,Supporters of Awami League - Supporters of BNP,2,24.294237,89.081216,POINT (89.081216 24.294237),164699,1
2010,2,Supporters of Awami League - Supporters of BNP,1,23.723056,90.408611,POINT (90.408611 23.723056),163981,0
2012,2,Supporters of Awami League - Supporters of BNP,1,23.723056,90.408611,POINT (90.408611 23.723056),163981,1
2012,2,Supporters of Awami League - Supporters of BNP,1,24.398611,89.778333,POINT (89.778333 24.398611),164700,1
1995,2,Supporters of Awami League - Supporters of BNP,1,23.613611,90.503056,POINT (90.503056 23.613611),163982,1
1995,2,Supporters of Awami League - Supporters of BNP,1,23.691389,90.515,POINT (90.515000 23.691389),163982,1
1995,2,Supporters of Awami League - Supporters of BNP,1,23.723056,90.408611,POINT (90.408611 23.723056),163981,3
1992,1,Government of Bangladesh - JSS/SB,3,22.633333,92.2,POINT (92.200000 22.633333),162545,1
2002,2,Supporters of Awami League - Supporters of BNP,1,24.899167,91.871944,POINT (91.871944 24.899167),165424,1
2003,2,Supporters of Awami League - Supporters of BNP,1,24.899167,91.871944,POINT (91.871944 24.899167),165424,1
2004,2,Supporters of Awami League - Supporters of BNP,1,24.899167,91.871944,POINT (91.871944 24.899167),165424,1
2005,2,Supporters of Awami League - Supporters of BNP,2,22.591667,90.725,POINT (90.725000 22.591667),162542,0
1992,1,Government of Bangladesh - JSS/SB,4,22.916667,91.5,POINT (91.500000 22.916667),162544,1
1992,1,Government of Bangladesh - JSS/SB,2,23.240847,92.064069,POINT (92.064069 23.240847),163265,4
1992,1,Government of Bangladesh - JSS/SB,2,22.839349,92.095438,POINT (92.095438 22.839349),162545,4
2015,3,IS - Civilians,5,32.116667,20.066667,POINT (20.066667 32.116667),176081,2
2013,2,Supporters of Awami League - Supporters of BNP,2,24.7647,89.840535,POINT (89.840535 24.764700),165420,1
2013,3,Government of Bangladesh - Civilians,3,22.916667,90.833333,POINT (90.833333 22.916667),162542,1
1990,2,Supporters of Awami League - Supporters of BNP,1,23.723056,90.408611,POINT (90.408611 23.723056),163981,1
2004,1,Government of Bangladesh - PBCP-J,1,23.452778,89.004722,POINT (89.004722 23.452778),163259,1
2006,1,Government of Bangladesh - PBCP,3,23.08774,89.17639,POINT (89.176390 23.087740),163259,1
2004,1,Government of Bangladesh - PBCP-J,3,23.08774,89.17639,POINT (89.176390 23.087740),163259,2
1991,2,Supporters of Awami League - Supporters of BNP,1,23.723056,90.408611,POINT (90.408611 23.723056),163981,2
1996,2,Supporters of Awami League - Supporters of BNP,1,22.338396,91.831685,POINT (91.831685 22.338396),161824,0
1994,2,BCP - PBCP,3,23.92471,89.02958,POINT (89.029580 23.924710),163979,3
1994,2,BCP - PBCP,3,22.38155,89.13675,POINT (89.136750 22.381550),161819,3
1999,2,Supporters of Awami League - Supporters of BNP,2,24.15,89.05,POINT (89.050000 24.150000),164699,0
2006,2,Supporters of Awami League - Supporters of BNP,1,23.923056,90.717778,POINT (90.717778 23.923056),163982,2
2008,1,Government of Bangladesh - PBCP-J,2,23.803304,89.289473,POINT (89.289473 23.803304),163979,2
2008,1,Government of Bangladesh - PBCP-J,2,23.637778,89.040278,POINT (89.040278 23.637778),163979,1
2009,1,Government of Bangladesh - PBCP-J,2,23.705,88.901389,POINT (88.901389 23.705000),163978,1
2015,3,IS - Civilians,1,37.915833,40.218889,POINT (40.218889 37.915833),184041,4
2005,1,Government of Bangladesh - PBCP-J,3,23.60728,88.84878,POINT (88.848780 23.607280),163978,1
2005,1,Government of Bangladesh - PBCP-J,1,22.656566,89.791227,POINT (89.791227 22.656566),162540,1
2013,2,Supporters of Awami League - Supporters of Jamaat-e-Islami,3,22.5,90.5,POINT (90.500000 22.500000),162542,1
2013,2,Supporters of Awami League - Supporters of Jamaat-e-Islami,3,22.35,89.15,POINT (89.150000 22.350000),161819,2
2013,2,Supporters of Awami League - Supporters of Jamaat-e-Islami,3,23.083333,89.166667,POINT (89.166667 23.083333),163259,1
2013,2,Supporters of Awami League - Supporters of Jamaat-e-Islami,2,23.038333,91.108333,POINT (91.108333 23.038333),163263,1
2013,2,Supporters of Awami League - Supporters of Jamaat-e-Islami,2,23.409639,89.138014,POINT (89.138014 23.409639),163259,1
2013,2,Supporters of Awami League - Supporters of Jamaat-e-Islami,1,25.403213,89.281153,POINT (89.281153 25.403213),166139,1
2013,2,Supporters of Awami League - Supporters of Jamaat-e-Islami,2,23.033333,90.775,POINT (90.775000 23.033333),163262,1
2006,1,Government of Bangladesh - PBCP-J,3,22.41005,89.72309,POINT (89.723090 22.410050),161820,1
2005,1,Government of Bangladesh - PBCP,3,24.38064,89.08766,POINT (89.087660 24.380640),164699,1
2006,1,Government of Bangladesh - PBCP-J,1,23.658238,89.048186,POINT (89.048186 23.658238),163979,2
2005,1,Government of Bangladesh - PBCP,3,23.60728,88.84878,POINT (88.848780 23.607280),163978,3
2005,1,Government of Bangladesh - PBCP,1,23.5427,89.179413,POINT (89.179413 23.542700),163979,1
2005,1,Government of Bangladesh - PBCP,3,24.05636,89.39325,POINT (89.393250 24.056360),164699,1
2005,1,Government of Bangladesh - PBCP,3,23.92471,89.02958,POINT (89.029580 23.924710),163979,1
2005,1,Government of Bangladesh - PBCP,3,24.05636,89.39325,POINT (89.393250 24.056360),164699,2
2005,1,Government of Bangladesh - PBCP,1,23.608333,89.023889,POINT (89.023889 23.608333),163979,1
2005,1,Government of Bangladesh - PBCP,1,22.785133,89.614994,POINT (89.614994 22.785133),162540,1
2001,2,Supporters of Awami League - Supporters of BNP,3,22.366667,90.816667,POINT (90.816667 22.366667),161822,3
2001,2,Supporters of Awami League - Supporters of BNP,1,23.723056,90.408611,POINT (90.408611 23.723056),163981,0
2001,2,Supporters of Awami League - Supporters of BNP,1,23.723056,90.408611,POINT (90.408611 23.723056),163981,4
2001,2,Supporters of Awami League - Supporters of BNP,1,23.011337,91.401296,POINT (91.401296 23.011337),163263,0
2001,2,Supporters of Awami League - Supporters of BNP,3,22.366667,90.816667,POINT (90.816667 22.366667),161822,1
2001,2,Supporters of Awami League - Supporters of BNP,1,22.705,90.37,POINT (90.370000 22.705000),162541,1
2001,2,Supporters of Awami League - Supporters of BNP,1,22.705,90.37,POINT (90.370000 22.705000),162541,0
2001,2,Supporters of Awami League - Supporters of BNP,1,22.851944,91.391667,POINT (91.391667 22.851944),162543,4
2005,1,Government of Bangladesh - PBCP,4,24.46806,88.6566,POINT (88.656600 24.468060),164698,1
2001,2,Supporters of Awami League - Supporters of BNP,1,23.011337,91.401296,POINT (91.401296 23.011337),163263,16
2001,2,Supporters of Awami League - Supporters of BNP,1,22.936564,91.303565,POINT (91.303565 22.936564),162543,3
2001,2,Supporters of Awami League - Supporters of BNP,1,22.809785,89.564389,POINT (89.564389 22.809785),162540,1
2001,2,Supporters of Awami League - Supporters of BNP,3,22.366667,90.816667,POINT (90.816667 22.366667),161822,2
2001,2,Supporters of Awami League - Supporters of BNP,3,22.366667,90.816667,POINT (90.816667 22.366667),161822,2
2001,2,Supporters of Awami League - Supporters of BNP,1,23.723056,90.408611,POINT (90.408611 23.723056),163981,1
2001,2,Supporters of Awami League - Supporters of BNP,1,23.011337,91.401296,POINT (91.401296 23.011337),163263,3
2001,2,Supporters of Awami League - Supporters of BNP,1,23.011337,91.401296,POINT (91.401296 23.011337),163263,1
2001,2,Supporters of Awami League - Supporters of BNP,1,22.688612,90.640555,POINT (90.640555 22.688612),162542,2
2001,2,Supporters of Awami League - Supporters of BNP,1,22.338396,91.831685,POINT (91.831685 22.338396),161824,2
2001,2,Supporters of Awami League - Supporters of BNP,1,22.809785,89.564389,POINT (89.564389 22.809785),162540,0
2001,2,Supporters of Awami League - Supporters of BNP,2,22.338396,91.831685,POINT (91.831685 22.338396),161824,3
1990,1,Government of Bangladesh - JSS/SB,4,22.916667,91.5,POINT (91.500000 22.916667),162544,5
2001,2,Supporters of Awami League - Supporters of BNP,1,23.551667,90.534722,POINT (90.534722 23.551667),163982,1
2001,2,Supporters of Awami League - Supporters of BNP,1,24.488877,91.770751,POINT (91.770751 24.488877),164704,1
2001,2,Supporters of Awami League - Supporters of BNP,1,23.723056,90.408611,POINT (90.408611 23.723056),163981,3
1993,2,BCP - PBCP,3,23.48351,89.0863,POINT (89.086300 23.483510),163259,0
1993,2,BCP - PBCP,2,23.5427,89.179413,POINT (89.179413 23.542700),163979,3
1989,1,Government of Bangladesh - JSS/SB,2,22.931698,92.029768,POINT (92.029768 22.931698),162545,9
1993,2,BCP - PBCP,3,23.48351,89.0863,POINT (89.086300 23.483510),163259,10
1993,2,BCP - PBCP,3,23.48351,89.0863,POINT (89.086300 23.483510),163259,2
1993,2,BCP - PBCP,3,23.48351,89.0863,POINT (89.086300 23.483510),163259,5
1993,2,BCP - PBCP,1,23.646667,88.843611,POINT (88.843611 23.646667),163978,3
1993,2,BCP - PBCP,4,24.46806,88.6566,POINT (88.656600 24.468060),164698,4
1989,1,Government of Bangladesh - JSS/SB,2,22.967561,92.134094,POINT (92.134094 22.967561),162545,2
1991,1,Government of Bangladesh - JSS/SB,2,22.931698,92.029768,POINT (92.029768 22.931698),162545,1
1989,1,Government of Bangladesh - JSS/SB,2,22.967561,92.134094,POINT (92.134094 22.967561),162545,3
1989,1,Government of Bangladesh - JSS/SB,2,22.83,91.84,POINT (91.840000 22.830000),162544,2
1989,1,Government of Bangladesh - JSS/SB,2,23.240847,92.064069,POINT (92.064069 23.240847),163265,4
1989,1,Government of Bangladesh - JSS/SB,2,23.170573,92.199076,POINT (92.199076 23.170573),163265,3
1989,1,Government of Bangladesh - JSS/SB,4,22.916667,91.5,POINT (91.500000 22.916667),162544,3
1990,1,Government of Bangladesh - JSS/SB,2,22.994655,91.741714,POINT (91.741714 22.994655),162544,12
1990,1,Government of Bangladesh - JSS/SB,4,22.916667,91.5,POINT (91.500000 22.916667),162544,1
1990,1,Government of Bangladesh - JSS/SB,4,22.916667,91.5,POINT (91.500000 22.916667),162544,4
1990,1,Government of Bangladesh - JSS/SB,4,22.916667,91.5,POINT (91.500000 22.916667),162544,2
2005,1,Government of Bangladesh - PBCP,3,23.72066,89.53056,POINT (89.530560 23.720660),163980,4
1990,1,Government of Bangladesh - JSS/SB,2,22.721581,92.399803,POINT (92.399803 22.721581),162545,3
1990,1,Government of Bangladesh - JSS/SB,4,22.916667,91.5,POINT (91.500000 22.916667),162544,3
1990,1,Government of Bangladesh - JSS/SB,4,22.916667,91.5,POINT (91.500000 22.916667),162544,2
1990,1,Government of Bangladesh - JSS/SB,4,22.916667,91.5,POINT (91.500000 22.916667),162544,1
1990,1,Government of Bangladesh - JSS/SB,3,22.633333,92.2,POINT (92.200000 22.633333),162545,3
1990,1,Government of Bangladesh - JSS/SB,4,22.916667,91.5,POINT (91.500000 22.916667),162544,2
1990,1,Government of Bangladesh - JSS/SB,4,22.916667,91.5,POINT (91.500000 22.916667),162544,4
1990,1,Government of Bangladesh - JSS/SB,4,22.916667,91.5,POINT (91.500000 22.916667),162544,3
1991,1,Government of Bangladesh - JSS/SB,2,22.704167,92.099444,POINT (92.099444 22.704167),162545,2
1991,1,Government of Bangladesh - JSS/SB,2,22.721581,92.399803,POINT (92.399803 22.721581),162545,3
2005,1,Government of Bangladesh - PBCP,3,24.46806,88.6566,POINT (88.656600 24.468060),164698,1
2005,1,Government of Bangladesh - PBCP,2,22.916667,89.483333,POINT (89.483333 22.916667),162539,1
1991,1,Government of Bangladesh - JSS/SB,3,22.44792,91.84182,POINT (91.841820 22.447920),161824,2
1991,1,Government of Bangladesh - JSS/SB,4,22.916667,91.5,POINT (91.500000 22.916667),162544,5
1991,1,Government of Bangladesh - JSS/SB,1,22.722037,92.512618,POINT (92.512618 22.722037),162546,1
1991,1,Government of Bangladesh - JSS/SB,2,22.721581,92.399803,POINT (92.399803 22.721581),162545,4
1991,1,Government of Bangladesh - JSS/SB,3,22.633333,92.2,POINT (92.200000 22.633333),162545,3
1991,1,Government of Bangladesh - JSS/SB,3,23.16952,91.95316,POINT (91.953160 23.169520),163264,1
2005,1,Government of Bangladesh - PBCP,2,23.014724,89.439362,POINT (89.439362 23.014724),163259,1
2005,1,Government of Bangladesh - PBCP,2,24.15,89.05,POINT (89.050000 24.150000),164699,1
2005,1,Government of Bangladesh - PBCP,6,21.45,91.9833,POINT (91.983300 21.450000),160384,0
2005,1,Government of Bangladesh - PBCP,6,21.45,91.9833,POINT (91.983300 21.450000),160384,0
2005,1,Government of Bangladesh - PBCP,3,23.60728,88.84878,POINT (88.848780 23.607280),163978,1
2005,1,Government of Bangladesh - PBCP,2,23.6467,88.8436,POINT (88.843600 23.646700),163978,1
2005,1,Government of Bangladesh - PBCP,2,24.3625,88.84,POINT (88.840000 24.362500),164698,1
2005,1,Government of Bangladesh - PBCP,2,23.761111,88.950278,POINT (88.950278 23.761111),163978,1
2005,1,Government of Bangladesh - PBCP,2,22.778611,89.705833,POINT (89.705833 22.778611),162540,1
2005,1,Government of Bangladesh - PBCP,2,24.20434,89.745087,POINT (89.745087 24.204340),164700,1
2005,1,Government of Bangladesh - PBCP,3,24.38064,89.08766,POINT (89.087660 24.380640),164699,4
2005,1,Government of Bangladesh - PBCP,2,24.502819,89.142311,POINT (89.142311 24.502819),165419,0
2005,1,Government of Bangladesh - PBCP-J,1,22.809785,89.564389,POINT (89.564389 22.809785),162540,1
2005,1,Government of Bangladesh - PBCP-J,1,22.750739,89.257412,POINT (89.257412 22.750739),162539,1
2005,1,Government of Bangladesh - PBCP-J,3,24.05636,89.39325,POINT (89.393250 24.056360),164699,1
2005,1,Government of Bangladesh - PBCP-J,3,23.92471,89.02958,POINT (89.029580 23.924710),163979,1
2005,1,Government of Bangladesh - PBCP-J,3,23.48351,89.0863,POINT (89.086300 23.483510),163259,1
2005,1,Government of Bangladesh - PBCP-J,1,22.811667,89.636389,POINT (89.636389 22.811667),162540,1
2005,1,Government of Bangladesh - PBCP-J,2,22.750739,89.257412,POINT (89.257412 22.750739),162539,1
2005,1,Government of Bangladesh - PBCP-J,1,23.845,88.703611,POINT (88.703611 23.845000),163978,1
2005,1,Government of Bangladesh - PBCP-J,3,23.48351,89.0863,POINT (89.086300 23.483510),163259,1
2005,1,Government of Bangladesh - PBCP-J,1,23.837696,88.914489,POINT (88.914489 23.837696),163978,1
2005,1,Government of Bangladesh - PBCP-J,3,23.48351,89.0863,POINT (89.086300 23.483510),163259,1
2005,1,Government of Bangladesh - PBCP-J,3,23.60728,88.84878,POINT (88.848780 23.607280),163978,0
2005,1,Government of Bangladesh - PBCP-J,1,23.0775,89.359444,POINT (89.359444 23.077500),163259,1
2005,1,Government of Bangladesh - PBCP-J,2,23.928333,88.991667,POINT (88.991667 23.928333),163978,1
2005,1,Government of Bangladesh - PBCP-J,2,22.833333,89.591667,POINT (89.591667 22.833333),162540,1
2005,1,Government of Bangladesh - PBCP-J,2,23.928333,88.991667,POINT (88.991667 23.928333),163978,1
2005,1,Government of Bangladesh - PBCP-J,1,23.646667,88.843611,POINT (88.843611 23.646667),163978,1
2006,1,Government of Bangladesh - PBCP-J,3,23.60728,88.84878,POINT (88.848780 23.607280),163978,1
2005,1,Government of Bangladesh - PBCP-J,1,23.5427,89.179413,POINT (89.179413 23.542700),163979,1
2006,1,Government of Bangladesh - PBCP-J,3,23.48351,89.0863,POINT (89.086300 23.483510),163259,1
2006,1,Government of Bangladesh - PBCP-J,2,23.8098,88.7567,POINT (88.756700 23.809800),163978,1
2005,1,Government of Bangladesh - PBCP-J,3,23.12612,89.57518,POINT (89.575180 23.126120),163260,2
2005,1,Government of Bangladesh - PBCP-J,1,23.901111,89.121944,POINT (89.121944 23.901111),163979,1
2005,1,Government of Bangladesh - PBCP-J,1,23.908138,88.956554,POINT (88.956554 23.908138),163978,1
2005,1,Government of Bangladesh - PBCP-J,2,22.833333,89.591667,POINT (89.591667 22.833333),162540,1
2006,1,Government of Bangladesh - PBCP-J,2,22.833333,89.591667,POINT (89.591667 22.833333),162540,2
2006,1,Government of Bangladesh - PBCP-J,2,23.637778,89.040278,POINT (89.040278 23.637778),163979,1
2006,1,Government of Bangladesh - PBCP-J,1,22.489167,89.443611,POINT (89.443611 22.489167),161819,1
2006,1,Government of Bangladesh - PBCP-J,1,22.809785,89.564389,POINT (89.564389 22.809785),162540,1
2006,1,Government of Bangladesh - PBCP-J,3,23.92471,89.02958,POINT (89.029580 23.924710),163979,1
2006,1,Government of Bangladesh - PBCP-J,1,22.809785,89.564389,POINT (89.564389 22.809785),162540,1
2006,1,Government of Bangladesh - PBCP-J,2,23.649444,88.594167,POINT (88.594167 23.649444),163978,1
2006,1,Government of Bangladesh - PBCP-J,2,22.472222,89.610833,POINT (89.610833 22.472222),161820,1
1990,3,JSS/SB - Civilians,2,22.5447,92.002076,POINT (92.002076 22.544700),162545,2
2006,1,Government of Bangladesh - PBCP-J,2,22.977778,89.463889,POINT (89.463889 22.977778),162539,1
2006,1,Government of Bangladesh - PBCP-J,2,23.761111,88.950278,POINT (88.950278 23.761111),163978,1
2006,1,Government of Bangladesh - PBCP-J,2,23.942153,89.421014,POINT (89.421014 23.942153),163979,15
2006,1,Government of Bangladesh - PBCP-J,2,22.56,89.7,POINT (89.700000 22.560000),162540,1
2006,1,Government of Bangladesh - PBCP-J,2,23.6467,88.8436,POINT (88.843600 23.646700),163978,1
2006,1,Government of Bangladesh - PBCP-J,1,23.0025,89.466944,POINT (89.466944 23.002500),163259,1
2006,1,Government of Bangladesh - PBCP-J,2,23.637778,89.040278,POINT (89.040278 23.637778),163979,1
2006,1,Government of Bangladesh - PBCP-J,3,23.60728,88.84878,POINT (88.848780 23.607280),163978,1
2006,1,Government of Bangladesh - PBCP-J,2,23.402222,89.013611,POINT (89.013611 23.402222),163259,1
2006,1,Government of Bangladesh - PBCP-J,2,23.928333,88.991667,POINT (88.991667 23.928333),163978,2
2006,1,Government of Bangladesh - PBCP-J,2,23.637778,89.040278,POINT (89.040278 23.637778),163979,0
1992,3,Government of Bangladesh - Civilians,1,23.366545,91.889168,POINT (91.889168 23.366545),163264,138
1989,3,JSS/SB - Civilians,4,22.916667,91.5,POINT (91.500000 22.916667),162544,4
1989,3,JSS/SB - Civilians,1,21.782871,92.434189,POINT (92.434189 21.782871),161105,10
1989,3,JSS/SB - Civilians,4,22.916667,91.5,POINT (91.500000 22.916667),162544,6
1989,3,JSS/SB - Civilians,2,22.643168,92.191859,POINT (92.191859 22.643168),162545,6
1989,3,JSS/SB - Civilians,3,23.16952,91.95316,POINT (91.953160 23.169520),163264,1
1989,3,JSS/SB - Civilians,4,22.916667,91.5,POINT (91.500000 22.916667),162544,3
1989,3,JSS/SB - Civilians,3,23.16952,91.95316,POINT (91.953160 23.169520),163264,5
1989,3,JSS/SB - Civilians,3,22.633333,92.2,POINT (92.200000 22.633333),162545,5
1991,3,JSS/SB - Civilians,2,22.721581,92.399803,POINT (92.399803 22.721581),162545,4
1990,3,JSS/SB - Civilians,2,22.967561,92.134094,POINT (92.134094 22.967561),162545,6
1990,3,JSS/SB - Civilians,3,23.16952,91.95316,POINT (91.953160 23.169520),163264,1
1990,3,JSS/SB - Civilians,3,21.81318,92.36807,POINT (92.368070 21.813180),161105,20
1990,3,JSS/SB - Civilians,3,22.633333,92.2,POINT (92.200000 22.633333),162545,3
1990,3,JSS/SB - Civilians,2,22.967561,92.134094,POINT (92.134094 22.967561),162545,7
1991,3,JSS/SB - Civilians,1,22.613333,92.105833,POINT (92.105833 22.613333),162545,2
1990,3,JSS/SB - Civilians,4,22.916667,91.5,POINT (91.500000 22.916667),162544,1
1991,3,JSS/SB - Civilians,3,23.16952,91.95316,POINT (91.953160 23.169520),163264,8
1991,3,JSS/SB - Civilians,2,22.721581,92.399803,POINT (92.399803 22.721581),162545,7
1991,3,JSS/SB - Civilians,4,22.916667,91.5,POINT (91.500000 22.916667),162544,4
1991,3,JSS/SB - Civilians,3,22.633333,92.2,POINT (92.200000 22.633333),162545,3
1991,3,JSS/SB - Civilians,4,22.916667,91.5,POINT (91.500000 22.916667),162544,5
1991,3,JSS/SB - Civilians,4,22.916667,91.5,POINT (91.500000 22.916667),162544,3
1991,3,JSS/SB - Civilians,4,22.916667,91.5,POINT (91.500000 22.916667),162544,2
1992,3,JSS/SB - Civilians,1,22.750428,91.753009,POINT (91.753009 22.750428),162544,3
1991,3,JSS/SB - Civilians,2,22.967561,92.134094,POINT (92.134094 22.967561),162545,2
1991,3,JSS/SB - Civilians,2,22.839349,92.095438,POINT (92.095438 22.839349),162545,6
1991,3,JSS/SB - Civilians,1,23.33,92.03,POINT (92.030000 23.330000),163265,2
1991,3,JSS/SB - Civilians,4,22.916667,91.5,POINT (91.500000 22.916667),162544,6
2004,3,Jagrata Muslim Janata Bangladesh  - Civilians,6,21.45,91.9833,POINT (91.983300 21.450000),160384,16
1992,3,JSS/SB - Civilians,2,22.491247,92.338188,POINT (92.338188 22.491247),161825,4
1991,3,JSS/SB - Civilians,4,22.916667,91.5,POINT (91.500000 22.916667),162544,1
1991,3,JSS/SB - Civilians,3,22.633333,92.2,POINT (92.200000 22.633333),162545,2
1992,3,JSS/SB - Civilians,4,22.916667,91.5,POINT (91.500000 22.916667),162544,9
1992,3,JSS/SB - Civilians,1,22.644167,91.905833,POINT (91.905833 22.644167),162544,6
1992,3,JSS/SB - Civilians,2,22.491247,92.338188,POINT (92.338188 22.491247),161825,2
2004,3,Jagrata Muslim Janata Bangladesh  - Civilians,1,24.516667,88.85,POINT (88.850000 24.516667),165418,1
1992,3,JSS/SB - Civilians,2,23.240847,92.064069,POINT (92.064069 23.240847),163265,3
1992,3,JSS/SB - Civilians,4,22.916667,91.5,POINT (91.500000 22.916667),162544,1
1992,3,JSS/SB - Civilians,2,22.994655,91.741714,POINT (91.741714 22.994655),162544,3
1992,3,JSS/SB - Civilians,1,23.302459,91.897713,POINT (91.897713 23.302459),163264,5
1992,3,JSS/SB - Civilians,4,22.916667,91.5,POINT (91.500000 22.916667),162544,2
2004,3,Jagrata Muslim Janata Bangladesh  - Civilians,2,24.608794,88.978038,POINT (88.978038 24.608794),165418,1
1992,3,JSS/SB - Civilians,2,22.643168,92.191859,POINT (92.191859 22.643168),162545,5
1992,3,JSS/SB - Civilians,2,22.5447,92.002076,POINT (92.002076 22.544700),162545,2
1992,3,JSS/SB - Civilians,2,22.5447,92.002076,POINT (92.002076 22.544700),162545,2
1996,3,JSS/SB - Civilians,3,22.633333,92.2,POINT (92.200000 22.633333),162545,30
1996,3,JSS/SB - Civilians,1,22.643168,92.191859,POINT (92.191859 22.643168),162545,0
2004,3,Jagrata Muslim Janata Bangladesh  - Civilians,1,24.558611,88.801944,POINT (88.801944 24.558611),165418,1
2004,3,Jagrata Muslim Janata Bangladesh  - Civilians,3,24.89978,88.75353,POINT (88.753530 24.899780),165418,1
2004,3,Jagrata Muslim Janata Bangladesh  - Civilians,1,24.608794,88.978038,POINT (88.978038 24.608794),165418,3
2004,3,Jagrata Muslim Janata Bangladesh  - Civilians,1,24.62088,88.924118,POINT (88.924118 24.620880),165418,1
2004,3,Jagrata Muslim Janata Bangladesh  - Civilians,2,24.924978,89.946341,POINT (89.946341 24.924978),165420,1
2004,3,Jagrata Muslim Janata Bangladesh  - Civilians,6,21.45,91.9833,POINT (91.983300 21.450000),160384,0
2005,1,Government of Bangladesh - PBCP-J,2,23.761111,88.950278,POINT (88.950278 23.761111),163978,1
2005,1,Government of Bangladesh - PBCP-J,3,23.48351,89.0863,POINT (89.086300 23.483510),163259,1
2005,1,Government of Bangladesh - PBCP-J,3,23.92471,89.02958,POINT (89.029580 23.924710),163979,1
2005,1,Government of Bangladesh - PBCP-J,3,23.60728,88.84878,POINT (88.848780 23.607280),163978,1
2013,2,Supporters of Awami League - Supporters of Jamaat-e-Islami,3,22.4875,91.963333,POINT (91.963333 22.487500),161824,3
2013,2,Supporters of Awami League - Supporters of Jamaat-e-Islami,3,22.4875,91.963333,POINT (91.963333 22.487500),161824,2
1991,1,Government of Bangladesh - JSS/SB,4,22.916667,91.5,POINT (91.500000 22.916667),162544,0
2015,3,IS - Civilians,3,12.08333,14.83333,POINT (14.833330 12.083330),147270,12
2006,1,Government of Bangladesh - PBCP,1,24.691814,89.052089,POINT (89.052089 24.691814),165419,1
2006,1,Government of Bangladesh - PBCP,2,24.215498,89.378399,POINT (89.378399 24.215498),164699,0
2015,3,IS - Civilians,1,33.42056,43.307779,POINT (43.307779 33.420560),177567,25
1996,2,Supporters of Awami League - Supporters of BNP,1,23.723056,90.408611,POINT (90.408611 23.723056),163981,0
1998,2,Supporters of Awami League - Supporters of BNP,1,23.723056,90.408611,POINT (90.408611 23.723056),163981,1
1998,2,Supporters of Awami League - Supporters of BNP,3,22.99732,91.41517,POINT (91.415170 22.997320),162543,5
1999,2,Supporters of Awami League - Supporters of BNP,1,23.723056,90.408611,POINT (90.408611 23.723056),163981,0
1999,2,Supporters of Awami League - Supporters of BNP,3,22.99732,91.41517,POINT (91.415170 22.997320),162543,0
2015,3,IS - Civilians,4,11.0,14.5,POINT (14.500000 11.000000),145830,3
2015,3,IS - Civilians,1,36.976116,38.425329,POINT (38.425329 36.976116),182597,33
2015,3,IS - Civilians,3,12.08333,14.83333,POINT (14.833330 12.083330),147270,0
2015,3,IS - Civilians,1,12.291072,14.561492,POINT (14.561492 12.291072),147270,1
2015,3,IS - Civilians,2,11.04611,14.14011,POINT (14.140110 11.046110),145829,4
2015,3,IS - Civilians,2,32.766389,21.741667,POINT (21.741667 32.766389),176804,5
2015,3,IS - Civilians,1,37.16708,38.793919,POINT (38.793919 37.167080),183318,2
